rxcui,ingredient,med_feature,primary_include,
301542,rosuvastatin,lipid_statin,1,
36567,simvastatin,lipid_statin,1,
41127,fluvastatin,lipid_statin,1,
42463,pravastatin,lipid_statin,1,
6472,lovastatin,lipid_statin,1,
83367,atorvastatin,lipid_statin,1,
861634,pitavastatin,lipid_statin,1,
11118,valproic acid,mood_antiep,1,
114477,levetiracetam,mood_antiep,1,
1356552,perampanel,mood_antiep,1,
1482501,Eslicarbazepine,mood_antiep,1,
1482502,Eslicarbazepine,mood_antiep,1,
14851,vigabatrin,mood_antiep,1,
1739745,brivaracetam,mood_antiep,1,
187832,pregabalin,mood_antiep,1,
1941030,tiagabine,mood_antiep,1,
2002,carbamazepine,mood_antiep,1,
2045371,cannabidiol,mood_antiep,1,
2265690,cenobamate,mood_antiep,1,
236875,tiagabine,mood_antiep,1,
24812,felbamate,mood_antiep,1,
25480,gabapentin,mood_antiep,1,
28439,lamotrigine,mood_antiep,1,
31914,tiagabine,mood_antiep,1,
32624,oxcarbazepine,mood_antiep,1,
38404,topiramate,mood_antiep,1,
39998,zonisamide,mood_antiep,1,
40254,valproate,mood_antiep,1,
4135,ethosuximide,mood_antiep,1,
623400,lacosamide,mood_antiep,1,
69036,rufinamide,mood_antiep,1,
72236,fosphenytoin,mood_antiep,1,
8134,phenobarbital,mood_antiep,1,
8183,phenytoin,mood_antiep,1,
