patient_id,birth_date,ehr_start_date,ehr_end_date,death_date,cohort,sex,undated_t2d_source_positive,index_date
SYN001,1960-12-31,2010-01-01,2022-12-31,,ADHD,M,0,2015-01-01
SYN002,1961-12-31,2010-01-01,2022-12-31,,ADHD,F,0,2015-01-01
SYN003,1962-12-31,2010-01-01,2022-12-31,,ADHD,M,0,2015-01-01
SYN004,1963-12-31,2010-01-01,2022-12-31,,ADHD,F,0,2015-01-01
SYN005,1964-12-30,2010-01-01,2022-12-31,,ADHD,M,0,2015-01-01
SYN006,1965-12-30,2010-01-01,2022-12-31,,ADHD,F,0,2015-01-01
SYN007,1966-12-30,2010-01-01,2022-12-31,,ADHD,M,0,2015-01-01
SYN008,1967-12-30,2010-01-01,2022-12-31,,ADHD,F,0,2015-01-01
SYN009,1968-12-29,2010-01-01,2022-12-31,,ADHD,M,0,2015-01-01
SYN010,1969-12-29,2010-01-01,2022-12-31,,ADHD,F,0,2015-01-01
SYN011,1970-12-29,2010-01-01,2022-12-31,,non-ADHD,M,0,2015-03-15
SYN012,1971-12-29,2010-01-01,2022-12-31,,non-ADHD,F,0,2015-04-15
SYN013,1972-12-28,2010-01-01,2022-12-31,,non-ADHD,M,0,2015-05-15
SYN014,1973-12-28,2010-01-01,2022-12-31,,non-ADHD,F,0,2015-06-15
SYN015,1974-12-28,2010-01-01,2022-12-31,,non-ADHD,M,0,2015-07-15
SYN016,1975-12-28,2010-01-01,2022-12-31,,non-ADHD,F,0,2015-08-15
SYN017,1976-12-27,2010-01-01,2022-12-31,,non-ADHD,M,0,2015-09-15
SYN018,1977-12-27,2010-01-01,2022-12-31,,non-ADHD,F,0,2015-01-15
SYN019,1978-12-27,2010-01-01,2022-12-31,,non-ADHD,M,0,2015-02-15
SYN020,1979-12-27,2010-01-01,2022-12-31,,non-ADHD,F,0,2015-03-15
SYN021,1980-12-26,2010-01-01,2022-12-31,,non-ADHD,M,0,2015-04-15
SYN022,1981-12-26,2010-01-01,2022-12-31,,non-ADHD,F,0,2015-05-15
SYN023,1982-12-26,2010-01-01,2022-12-31,,non-ADHD,M,0,2015-06-15
SYN024,1983-12-26,2010-01-01,2022-12-31,,non-ADHD,F,0,2015-07-15
SYN025,1984-12-25,2010-01-01,2022-12-31,,non-ADHD,M,0,2015-08-15
SYN026,1985-12-25,2010-01-01,2022-12-31,,non-ADHD,F,0,2015-09-15
SYN027,1986-12-25,2010-01-01,2022-12-31,,non-ADHD,M,0,2015-01-15
SYN028,1987-12-25,2010-01-01,2022-12-31,,non-ADHD,F,0,2015-02-15
SYN029,1988-12-24,2010-01-01,2022-12-31,,non-ADHD,M,0,2015-03-15
SYN030,1989-12-24,2010-01-01,2022-12-31,,non-ADHD,F,1,2015-04-15
