patient_id,loinc_code,result_date,result_value,result_unit,fasting_verified
SYN001,4548-4,2014-01-10,5.4,%,0
SYN002,4548-4,2014-01-10,5.4,%,0
SYN003,4548-4,2014-01-10,5.4,%,0
SYN004,4548-4,2014-01-10,5.4,%,0
SYN005,4548-4,2014-01-10,5.4,%,0
SYN006,4548-4,2014-01-10,5.4,%,0
SYN007,4548-4,2014-01-10,5.4,%,0
SYN008,4548-4,2014-01-10,5.4,%,0
SYN009,4548-4,2014-01-10,5.4,%,0
SYN010,4548-4,2014-01-10,5.4,%,0
SYN011,4548-4,2014-01-10,5.4,%,0
SYN012,4548-4,2014-01-10,5.4,%,0
SYN013,4548-4,2014-01-10,5.4,%,0
SYN014,4548-4,2014-01-10,5.4,%,0
SYN015,4548-4,2014-01-10,5.4,%,0
SYN016,4548-4,2014-01-10,5.4,%,0
SYN017,4548-4,2014-01-10,5.4,%,0
SYN018,4548-4,2014-01-10,5.4,%,0
SYN019,4548-4,2014-01-10,5.4,%,0
SYN020,4548-4,2014-01-10,5.4,%,0
SYN021,4548-4,2014-01-10,5.4,%,0
SYN022,4548-4,2014-01-10,5.4,%,0
SYN023,4548-4,2014-01-10,5.4,%,0
SYN024,4548-4,2014-01-10,5.4,%,0
SYN025,4548-4,2014-01-10,5.4,%,0
SYN026,4548-4,2014-01-10,5.4,%,0
SYN027,4548-4,2014-01-10,5.4,%,0
SYN028,4548-4,2014-01-10,5.4,%,0
SYN028,4548-4,2013-01-10,6.7,%,0
SYN028,1558-6,2014-02-10,130.0,mg/dL,1
SYN029,4548-4,2014-01-10,5.4,%,0
SYN030,4548-4,2014-01-10,5.4,%,0
