patient_id,depress,depress_age,obesity,obesity_age,rx_any_lipid_statin,rx_1y_lipid_statin,rx_dates1y_lipid_statin,rx_days_lipid_statin,rx_days_lipid_statin_miss,rx_any_mood_antiep,rx_1y_mood_antiep,rx_dates1y_mood_antiep,rx_days_mood_antiep,rx_days_mood_antiep_miss,age_index,PDD,PDD_age,gestationaldm,gestationaldm_age,hf,hf_age,sleep,sleep_age,age_start,months2index,smoking_proxy_diagnosis,dm2,event_years,cohort,sex,age_group
SYN001,0,-1.0,0,-1.0,0,0,0,-100.0,1,0,0,0,-100.0,1,54.001368925393564,0,-1.0,0,-1.0,0,-1.0,0,-1.0,49.002053388090346,59.9917864476386,1,1,3.4140999315537304,1,M,50-64
SYN002,0,-1.0,1,51.41683778234086,0,0,0,-100.0,1,1,1,1,214.0,0,53.002053388090346,0,-1.0,0,-1.0,0,-1.0,0,-1.0,48.002737850787135,59.9917864476386,0,1,3.4140999315537304,1,F,50-64
SYN003,1,49.16632443531827,0,-1.0,1,1,1,122.0,0,0,0,0,-100.0,1,52.002737850787135,0,-1.0,0,-1.0,0,-1.0,0,-1.0,47.00342231348392,59.9917864476386,0,1,3.4140999315537304,1,M,50-64
SYN004,0,-1.0,1,49.41820670773443,0,0,0,-100.0,1,1,1,1,214.0,0,51.00342231348392,0,-1.0,0,-1.0,0,-1.0,1,49.25119780971937,46.0041067761807,59.9917864476386,1,1,3.4140999315537304,1,F,50-64
SYN005,0,-1.0,0,-1.0,0,0,0,-100.0,1,0,0,0,-100.0,1,50.0041067761807,0,-1.0,0,-1.0,1,46.08898015058179,0,-1.0,45.00479123887748,59.9917864476386,0,1,3.4140999315537304,1,M,50-64
SYN006,1,46.168377823408626,1,47.419575633128,1,1,1,122.0,0,1,1,1,214.0,0,49.00479123887748,0,-1.0,1,45.58521560574949,0,-1.0,0,-1.0,44.00547570157426,59.9917864476386,0,1,3.4140999315537304,1,F,50-64
SYN007,0,-1.0,0,-1.0,0,0,0,-100.0,1,0,0,0,-100.0,1,48.00547570157426,1,45.33607118412046,0,-1.0,0,-1.0,0,-1.0,43.006160164271044,59.9917864476386,1,0,7.997262149212868,1,M,35-49
SYN008,0,-1.0,1,45.42094455852156,0,0,0,-100.0,1,1,1,1,214.0,0,47.006160164271044,0,-1.0,0,-1.0,0,-1.0,1,45.2539356605065,42.00684462696783,59.9917864476386,0,0,7.997262149212868,1,F,35-49
SYN009,1,43.17043121149897,0,-1.0,1,1,1,122.0,0,0,0,0,-100.0,1,46.00684462696783,0,-1.0,0,-1.0,0,-1.0,0,-1.0,41.007529089664615,59.9917864476386,0,0,7.997262149212868,1,M,35-49
SYN010,0,-1.0,1,43.422313483915126,0,0,0,-100.0,1,1,1,1,214.0,0,45.007529089664615,0,-1.0,0,-1.0,1,41.09240246406571,0,-1.0,40.0082135523614,59.9917864476386,1,0,7.997262149212868,1,F,35-49
SYN011,0,-1.0,0,-1.0,0,0,0,-100.0,1,0,0,0,-100.0,1,44.20807665982204,0,-1.0,0,-1.0,0,-1.0,0,-1.0,39.00889801505818,62.390143737166326,0,0,7.797399041752224,0,M,35-49
SYN012,1,40.172484599589325,1,41.42368240930869,1,1,1,226.0,0,1,1,1,318.0,0,43.29363449691992,0,-1.0,1,39.58932238193019,0,-1.0,1,41.256673511293634,38.00958247775496,63.408624229979466,0,0,7.712525667351129,0,F,35-49
SYN013,0,-1.0,0,-1.0,0,0,0,-100.0,1,0,0,0,-100.0,1,42.37645448323067,0,-1.0,0,-1.0,0,-1.0,0,-1.0,37.01026694045174,64.39425051334702,1,0,7.630390143737166,0,M,35-49
SYN014,0,-1.0,1,39.42505133470226,0,0,0,-100.0,1,1,0,0,379.0,0,41.46201232032854,1,38.340862422997944,0,-1.0,0,-1.0,0,-1.0,36.01095140314853,65.41273100616016,0,0,7.545516769336071,0,F,35-49
SYN015,1,37.17453798767967,0,-1.0,1,1,1,317.0,0,0,0,0,-100.0,1,40.544832306639286,0,-1.0,0,-1.0,1,36.09582477754962,0,-1.0,35.011635865845314,66.39835728952772,0,0,7.4633812457221085,0,M,35-49
SYN016,0,-1.0,1,37.426420260095824,0,0,0,-100.0,1,1,0,0,440.0,0,39.630390143737166,0,-1.0,0,-1.0,0,-1.0,1,37.25941136208077,34.012320328542096,67.41683778234086,1,0,7.378507871321013,0,F,35-49
SYN017,0,-1.0,0,-1.0,0,0,0,-100.0,1,0,0,0,-100.0,1,38.71594798083505,0,-1.0,0,-1.0,0,-1.0,0,-1.0,33.01300479123888,68.435318275154,0,0,7.293634496919918,0,M,35-49
SYN018,1,34.17659137577002,1,35.42778918548939,1,1,1,136.0,0,1,1,1,228.0,0,37.05133470225873,0,-1.0,1,33.59342915811088,0,-1.0,0,-1.0,32.01368925393566,60.4517453798768,0,0,7.958932238193018,0,F,35-49
SYN019,0,-1.0,0,-1.0,0,0,0,-100.0,1,0,0,0,-100.0,1,36.1368925393566,0,-1.0,0,-1.0,0,-1.0,0,-1.0,31.014373716632445,61.47022587268994,1,0,7.874058863791923,0,M,35-49
SYN020,0,-1.0,1,33.42915811088296,0,0,0,-100.0,1,1,1,1,287.0,0,35.214236824093085,0,-1.0,0,-1.0,1,31.09924709103354,1,33.2621492128679,30.015058179329227,62.390143737166326,0,0,7.797399041752224,0,F,35-49
SYN021,1,31.17864476386037,0,-1.0,1,1,1,226.0,0,0,0,0,-100.0,1,34.299794661190965,1,31.345653661875428,0,-1.0,0,-1.0,0,-1.0,29.01574264202601,63.408624229979466,0,0,7.712525667351129,0,M,35-49
SYN022,0,-1.0,1,31.430527036276523,0,0,0,-100.0,1,1,1,1,348.0,0,33.38261464750171,0,-1.0,0,-1.0,0,-1.0,0,-1.0,28.016427104722794,64.39425051334702,1,0,7.630390143737166,0,F,18-34
SYN023,0,-1.0,0,-1.0,0,0,0,-100.0,1,0,0,0,-100.0,1,32.46817248459959,0,-1.0,0,-1.0,0,-1.0,0,-1.0,27.017111567419576,65.41273100616016,0,0,7.545516769336071,0,M,18-34
SYN024,1,28.18069815195072,1,29.43189596167009,1,1,1,317.0,0,1,0,0,409.0,0,31.550992470910334,0,-1.0,1,27.59753593429158,0,-1.0,1,29.26488706365503,26.017796030116358,66.39835728952772,0,0,7.4633812457221085,0,F,18-34
SYN025,0,-1.0,0,-1.0,0,0,0,-100.0,1,0,0,0,-100.0,1,30.636550308008214,0,-1.0,0,-1.0,1,26.102669404517453,0,-1.0,25.018480492813143,67.41683778234086,1,0,7.378507871321013,0,M,18-34
SYN026,0,-1.0,1,27.433264887063654,0,0,0,-100.0,1,1,0,0,471.0,0,29.72210814510609,0,-1.0,0,-1.0,0,-1.0,0,-1.0,24.019164955509925,68.435318275154,0,0,7.293634496919918,0,F,18-34
SYN027,1,25.182751540041068,0,-1.0,1,1,1,136.0,0,0,0,0,-100.0,1,28.057494866529773,0,-1.0,0,-1.0,0,-1.0,0,-1.0,23.019849418206707,60.4517453798768,0,0,7.958932238193018,0,M,18-34
