patient_id,atc_code,start_date
SYN002,N03AX12,2014-06-01
SYN003,C10AA05,2014-09-01
SYN004,N03AX12,2014-06-01
SYN006,N03AX12,2014-06-01
SYN006,C10AA05,2014-09-01
SYN008,N03AX12,2014-06-01
SYN009,C10AA05,2014-09-01
SYN010,N03AX12,2014-06-01
SYN012,N03AX12,2014-06-01
SYN012,C10AA05,2014-09-01
SYN014,N03AX12,2014-06-01
SYN015,C10AA05,2014-09-01
SYN016,N03AX12,2014-06-01
SYN018,N03AX12,2014-06-01
SYN018,C10AA05,2014-09-01
SYN020,N03AX12,2014-06-01
SYN021,C10AA05,2014-09-01
SYN022,N03AX12,2014-06-01
SYN024,N03AX12,2014-06-01
SYN024,C10AA05,2014-09-01
SYN026,N03AX12,2014-06-01
SYN027,C10AA05,2014-09-01
SYN028,N03AX12,2014-06-01
SYN030,N03AX12,2014-06-01
SYN030,C10AA05,2014-09-01
