patient_id,code_system,code,diagnosis_date
SYN001,ICD-10-CM,F90.9,2014-01-01
SYN001,ICD-10-CM,F17.2,2014-03-01
SYN001,ICD-10-CM,E11.9,2018-06-01
SYN002,ICD-10-CM,F90.9,2014-01-01
SYN002,ICD-10-CM,E66.9,2013-06-01
SYN002,ICD-10-CM,E11.9,2018-06-01
SYN003,ICD-10-CM,F90.9,2014-01-01
SYN003,ICD-10-CM,F32.9,2012-03-01
SYN003,ICD-10-CM,E11.9,2018-06-01
SYN004,ICD-10-CM,F90.9,2014-01-01
SYN004,ICD-10-CM,E66.9,2013-06-01
SYN004,ICD-10-CM,G47.9,2013-04-01
SYN004,ICD-10-CM,F17.2,2014-03-01
SYN004,ICD-10-CM,E11.9,2018-06-01
SYN005,ICD-10-CM,F90.9,2014-01-01
SYN005,ICD-10-CM,I50.9,2011-02-01
SYN005,ICD-10-CM,E11.9,2018-06-01
SYN006,ICD-10-CM,F90.9,2014-01-01
SYN006,ICD-10-CM,E66.9,2013-06-01
SYN006,ICD-10-CM,F32.9,2012-03-01
SYN006,ICD-10-CM,O24.4,2011-08-01
SYN006,ICD-10-CM,E11.9,2018-06-01
SYN007,ICD-10-CM,F90.9,2014-01-01
SYN007,ICD-10-CM,F84.0,2012-05-01
SYN007,ICD-10-CM,F17.2,2014-03-01
SYN008,ICD-10-CM,F90.9,2014-01-01
SYN008,ICD-10-CM,E66.9,2013-06-01
SYN008,ICD-10-CM,G47.9,2013-04-01
SYN009,ICD-10-CM,F90.9,2014-01-01
SYN009,ICD-10-CM,F32.9,2012-03-01
SYN010,ICD-10-CM,F90.9,2014-01-01
SYN010,ICD-10-CM,E66.9,2013-06-01
SYN010,ICD-10-CM,I50.9,2011-02-01
SYN010,ICD-10-CM,F17.2,2014-03-01
SYN012,ICD-10-CM,E66.9,2013-06-01
SYN012,ICD-10-CM,F32.9,2012-03-01
SYN012,ICD-10-CM,G47.9,2013-04-01
SYN012,ICD-10-CM,O24.4,2011-08-01
SYN013,ICD-10-CM,F17.2,2014-03-01
SYN014,ICD-10-CM,E66.9,2013-06-01
SYN014,ICD-10-CM,F84.0,2012-05-01
SYN015,ICD-10-CM,F32.9,2012-03-01
SYN015,ICD-10-CM,I50.9,2011-02-01
SYN016,ICD-10-CM,E66.9,2013-06-01
SYN016,ICD-10-CM,G47.9,2013-04-01
SYN016,ICD-10-CM,F17.2,2014-03-01
SYN018,ICD-10-CM,E66.9,2013-06-01
SYN018,ICD-10-CM,F32.9,2012-03-01
SYN018,ICD-10-CM,O24.4,2011-08-01
SYN019,ICD-10-CM,F17.2,2014-03-01
SYN020,ICD-10-CM,E66.9,2013-06-01
SYN020,ICD-10-CM,G47.9,2013-04-01
SYN020,ICD-10-CM,I50.9,2011-02-01
SYN021,ICD-10-CM,F32.9,2012-03-01
SYN021,ICD-10-CM,F84.0,2012-05-01
SYN022,ICD-10-CM,E66.9,2013-06-01
SYN022,ICD-10-CM,F17.2,2014-03-01
SYN024,ICD-10-CM,E66.9,2013-06-01
SYN024,ICD-10-CM,F32.9,2012-03-01
SYN024,ICD-10-CM,G47.9,2013-04-01
SYN024,ICD-10-CM,O24.4,2011-08-01
SYN025,ICD-10-CM,I50.9,2011-02-01
SYN025,ICD-10-CM,F17.2,2014-03-01
SYN026,ICD-10-CM,E66.9,2013-06-01
SYN027,ICD-10-CM,F32.9,2012-03-01
SYN028,ICD-10-CM,E66.9,2013-06-01
SYN028,ICD-10-CM,G47.9,2013-04-01
SYN028,ICD-10-CM,F84.0,2012-05-01
SYN028,ICD-10-CM,F17.2,2014-03-01
SYN029,ICD-10-CM,E10.9,2013-01-01
SYN030,ICD-10-CM,E66.9,2013-06-01
SYN030,ICD-10-CM,F32.9,2012-03-01
SYN030,ICD-10-CM,I50.9,2011-02-01
SYN030,ICD-10-CM,O24.4,2011-08-01
